{
    "ore": {
        "accounts": [
            { "username": "nole_tlz_1", "password": "noletuban1" },
            { "username": "4sleril_", "password": "mphuc191208" },
            { "username": "nole_tlz_2", "password": "noletuban2" },
            { "username": "2sleril_", "password": "mphuc191208" },
            { "username": "3sleril_", "password": "mphuc191208" },
            { "username": "WeLoveDogs", "password": "tuiyeucho*#" },
            { "username": "dungmaanhoi", "password": "dungmaanhoi123" },
            { "username": "GhostLamSaDi", "password": "1234567890az" },
            { "username": "LamBaby", "password": "zerotwo" },
            { "username": "RiuSat", "password": "01283292155" },
            { "username": "minhphuc1912", "password": "mphuc191208" },
            { "username": "dontputthesalt", "password": "dontputthesalt123" }
        ]
    },
    "mob": {
        "accounts": [
            { "username": "MS_Ling", "password": "ling06072008" },
            { "username": "duyanh0812", "password": "0786204353" },
            { "username": "KareniaKaen", "password": "tmin22092005" },
            { "username": "TuiLaZeroTwo", "password": "zerotwo*#" },
            { "username": "WindySooSad", "password": "meanglo2007beo" },
            { "username": "RiuVang", "password": "01283292155a" }        
        ]
    }
}
